{ "@context": "https://w3id.org/ro/crate/1.1/context",
  "@graph": [
    {
      "@type": "CreativeWork",
      "@id": "ro-crate-metadata.json",
      "conformsTo": {"@id": "https://w3id.org/ro/crate/1.1"},
      "about": {"@id": "./"},
      "description": "RO-Crate Metadata File Descriptor (this file)"
    },
    {
      "@id": "./",
      "@type": "Dataset",
      "name": "34-http-item-rocrate",
      "description": "RO-Crate for A2A benchmark 34",
      "identifier": "https://w3id.org/a2a-fair-metrics/34-http-item-rocrate/",
      "url": "https://s11.no/2022/a2a-fair-metrics/34-http-item-rocrate/",
      "distribution": { "@id": "https://s11.no/2022/a2a-fair-metrics/34-http-item-rocrate/crate-34.zip" },
      "subjectOf": {"@id": "index.html"},
      "hasPart": [
        {"@id": "data1.txt"},
        {"@id": "data2.txt"}
      ]
    },
    {
      "@id": "data1.txt",
      "@type": "File",
      "description": "One of hopefully many Data Entities",
      "author": {"@id": "#alice"},
      "contentLocation":  {"@id": "http://sws.geonames.org/8152662/"}
    },
    {
      "@id": "data2.txt",
      "@type": "File"
    },
    {
      "@id": "index.html",
      "@type": "CreativeWork",
      "name": "34-http-item-rocrate",
      "description": "PID landing page for 34-http-item-rocrate",
      "encodingFormat": "text/html"
    },
    {
      "@id": "https://s11.no/2022/a2a-fair-metrics/34-http-item-rocrate/crate-34.zip",
      "@type": "DataDownload",
      "name": "ZIP archive RO-Crate 34-http-item-rocrate",
      "contentSize": "4261",
      "encodingFormat": "application/zip"
    },
    {
      "@id": "#alice",
      "@type": "Person",
      "name": "Alice",
      "description": "One of hopefully many Contextual Entities"
    },
    {
      "@id": "http://sws.geonames.org/8152662/",
      "@type": "Place",
      "name": "Catalina Park"
    }
 ]
}